No,A,B,C,D,E,F,G,H,I,J,K,L,1A,1B,1D,1E,1G,1I,1K,1L
1,0,0,0,0,1,1,1,1,1,1,1,1,3E,3J,3I,3F,3H,3G,3L,3K
2,0,0,0,1,0,1,1,1,1,1,1,1,3H,3G,3I,3D,3J,3F,3L,3K
3,0,0,0,1,1,0,1,1,1,1,1,1,3E,3J,3I,3D,3H,3G,3L,3K
4,0,0,0,1,1,1,0,1,1,1,1,1,3E,3J,3I,3D,3H,3F,3L,3K
5,0,0,0,1,1,1,1,0,1,1,1,1,3E,3G,3I,3D,3J,3F,3L,3K
6,0,0,0,1,1,1,1,1,0,1,1,1,3E,3G,3J,3D,3H,3F,3L,3K
7,0,0,0,1,1,1,1,1,1,0,1,1,3E,3G,3I,3D,3H,3F,3L,3K
8,0,0,0,1,1,1,1,1,1,1,0,1,3E,3G,3J,3D,3H,3F,3L,3I
9,0,0,0,1,1,1,1,1,1,1,1,0,3E,3G,3J,3D,3H,3F,3I,3K
10,0,0,1,0,0,1,1,1,1,1,1,1,3H,3G,3I,3C,3J,3F,3L,3K
11,0,0,1,0,1,0,1,1,1,1,1,1,3E,3J,3I,3C,3H,3G,3L,3K
12,0,0,1,0,1,1,0,1,1,1,1,1,3E,3J,3I,3C,3H,3F,3L,3K
13,0,0,1,0,1,1,1,0,1,1,1,1,3E,3G,3I,3C,3J,3F,3L,3K
14,0,0,1,0,1,1,1,1,0,1,1,1,3E,3G,3J,3C,3H,3F,3L,3K
15,0,0,1,0,1,1,1,1,1,0,1,1,3E,3G,3I,3C,3H,3F,3L,3K
16,0,0,1,0,1,1,1,1,1,1,0,1,3E,3G,3J,3C,3H,3F,3L,3I
17,0,0,1,0,1,1,1,1,1,1,1,0,3E,3G,3J,3C,3H,3F,3I,3K
18,0,0,1,1,0,0,1,1,1,1,1,1,3H,3G,3I,3C,3J,3D,3L,3K
19,0,0,1,1,0,1,0,1,1,1,1,1,3C,3J,3I,3D,3H,3F,3L,3K
20,0,0,1,1,0,1,1,0,1,1,1,1,3C,3G,3I,3D,3J,3F,3L,3K
21,0,0,1,1,0,1,1,1,0,1,1,1,3C,3G,3J,3D,3H,3F,3L,3K
22,0,0,1,1,0,1,1,1,1,0,1,1,3C,3G,3I,3D,3H,3F,3L,3K
23,0,0,1,1,0,1,1,1,1,1,0,1,3C,3G,3J,3D,3H,3F,3L,3I
24,0,0,1,1,0,1,1,1,1,1,1,0,3C,3G,3J,3D,3H,3F,3I,3K
25,0,0,1,1,1,0,0,1,1,1,1,1,3E,3J,3I,3C,3H,3D,3L,3K
26,0,0,1,1,1,0,1,0,1,1,1,1,3E,3G,3I,3C,3J,3D,3L,3K
27,0,0,1,1,1,0,1,1,0,1,1,1,3E,3G,3J,3C,3H,3D,3L,3K
28,0,0,1,1,1,0,1,1,1,0,1,1,3E,3G,3I,3C,3H,3D,3L,3K
29,0,0,1,1,1,0,1,1,1,1,0,1,3E,3G,3J,3C,3H,3D,3L,3I
30,0,0,1,1,1,0,1,1,1,1,1,0,3E,3G,3J,3C,3H,3D,3I,3K
31,0,0,1,1,1,1,0,0,1,1,1,1,3C,3J,3E,3D,3I,3F,3L,3K
32,0,0,1,1,1,1,0,1,0,1,1,1,3C,3J,3E,3D,3H,3F,3L,3K
33,0,0,1,1,1,1,0,1,1,0,1,1,3C,3E,3I,3D,3H,3F,3L,3K
34,0,0,1,1,1,1,0,1,1,1,0,1,3C,3J,3E,3D,3H,3F,3L,3I
35,0,0,1,1,1,1,0,1,1,1,1,0,3C,3J,3E,3D,3H,3F,3I,3K
36,0,0,1,1,1,1,1,0,0,1,1,1,3C,3G,3E,3D,3J,3F,3L,3K
37,0,0,1,1,1,1,1,0,1,0,1,1,3C,3G,3E,3D,3I,3F,3L,3K
38,0,0,1,1,1,1,1,0,1,1,0,1,3C,3G,3E,3D,3J,3F,3L,3I
39,0,0,1,1,1,1,1,0,1,1,1,0,3C,3G,3E,3D,3J,3F,3I,3K
40,0,0,1,1,1,1,1,1,0,0,1,1,3C,3G,3E,3D,3H,3F,3L,3K
41,0,0,1,1,1,1,1,1,0,1,0,1,3C,3G,3J,3D,3H,3F,3L,3E
42,0,0,1,1,1,1,1,1,0,1,1,0,3C,3G,3J,3D,3H,3F,3E,3K
43,0,0,1,1,1,1,1,1,1,0,0,1,3C,3G,3E,3D,3H,3F,3L,3I
44,0,0,1,1,1,1,1,1,1,0,1,0,3C,3G,3E,3D,3H,3F,3I,3K
45,0,0,1,1,1,1,1,1,1,1,0,0,3C,3G,3J,3D,3H,3F,3E,3I
46,0,1,0,0,0,1,1,1,1,1,1,1,3H,3J,3B,3F,3I,3G,3L,3K
47,0,1,0,0,1,0,1,1,1,1,1,1,3E,3J,3I,3B,3H,3G,3L,3K
48,0,1,0,0,1,1,0,1,1,1,1,1,3E,3J,3B,3F,3I,3H,3L,3K
49,0,1,0,0,1,1,1,0,1,1,1,1,3E,3J,3B,3F,3I,3G,3L,3K
50,0,1,0,0,1,1,1,1,0,1,1,1,3E,3J,3B,3F,3H,3G,3L,3K
51,0,1,0,0,1,1,1,1,1,0,1,1,3E,3G,3B,3F,3I,3H,3L,3K
52,0,1,0,0,1,1,1,1,1,1,0,1,3E,3J,3B,3F,3H,3G,3L,3I
53,0,1,0,0,1,1,1,1,1,1,1,0,3E,3J,3B,3F,3H,3G,3I,3K
54,0,1,0,1,0,0,1,1,1,1,1,1,3H,3J,3B,3D,3I,3G,3L,3K
55,0,1,0,1,0,1,0,1,1,1,1,1,3H,3J,3B,3D,3I,3F,3L,3K
56,0,1,0,1,0,1,1,0,1,1,1,1,3I,3G,3B,3D,3J,3F,3L,3K
57,0,1,0,1,0,1,1,1,0,1,1,1,3H,3G,3B,3D,3J,3F,3L,3K
58,0,1,0,1,0,1,1,1,1,0,1,1,3H,3G,3B,3D,3I,3F,3L,3K
59,0,1,0,1,0,1,1,1,1,1,0,1,3H,3G,3B,3D,3J,3F,3L,3I
60,0,1,0,1,0,1,1,1,1,1,1,0,3H,3G,3B,3D,3J,3F,3I,3K
61,0,1,0,1,1,0,0,1,1,1,1,1,3E,3J,3B,3D,3I,3H,3L,3K
62,0,1,0,1,1,0,1,0,1,1,1,1,3E,3J,3B,3D,3I,3G,3L,3K
63,0,1,0,1,1,0,1,1,0,1,1,1,3E,3J,3B,3D,3H,3G,3L,3K
64,0,1,0,1,1,0,1,1,1,0,1,1,3E,3G,3B,3D,3I,3H,3L,3K
65,0,1,0,1,1,0,1,1,1,1,0,1,3E,3J,3B,3D,3H,3G,3L,3I
66,0,1,0,1,1,0,1,1,1,1,1,0,3E,3J,3B,3D,3H,3G,3I,3K
67,0,1,0,1,1,1,0,0,1,1,1,1,3E,3J,3B,3D,3I,3F,3L,3K
68,0,1,0,1,1,1,0,1,0,1,1,1,3E,3J,3B,3D,3H,3F,3L,3K
69,0,1,0,1,1,1,0,1,1,0,1,1,3E,3I,3B,3D,3H,3F,3L,3K
70,0,1,0,1,1,1,0,1,1,1,0,1,3E,3J,3B,3D,3H,3F,3L,3I
71,0,1,0,1,1,1,0,1,1,1,1,0,3E,3J,3B,3D,3H,3F,3I,3K
72,0,1,0,1,1,1,1,0,0,1,1,1,3E,3G,3B,3D,3J,3F,3L,3K
73,0,1,0,1,1,1,1,0,1,0,1,1,3E,3G,3B,3D,3I,3F,3L,3K
74,0,1,0,1,1,1,1,0,1,1,0,1,3E,3G,3B,3D,3J,3F,3L,3I
75,0,1,0,1,1,1,1,0,1,1,1,0,3E,3G,3B,3D,3J,3F,3I,3K
76,0,1,0,1,1,1,1,1,0,0,1,1,3E,3G,3B,3D,3H,3F,3L,3K
77,0,1,0,1,1,1,1,1,0,1,0,1,3H,3G,3B,3D,3J,3F,3L,3E
78,0,1,0,1,1,1,1,1,0,1,1,0,3H,3G,3B,3D,3J,3F,3E,3K
79,0,1,0,1,1,1,1,1,1,0,0,1,3E,3G,3B,3D,3H,3F,3L,3I
80,0,1,0,1,1,1,1,1,1,0,1,0,3E,3G,3B,3D,3H,3F,3I,3K
81,0,1,0,1,1,1,1,1,1,1,0,0,3H,3G,3B,3D,3J,3F,3E,3I
82,0,1,1,0,0,0,1,1,1,1,1,1,3H,3J,3B,3C,3I,3G,3L,3K
83,0,1,1,0,0,1,0,1,1,1,1,1,3H,3J,3B,3C,3I,3F,3L,3K
84,0,1,1,0,0,1,1,0,1,1,1,1,3I,3G,3B,3C,3J,3F,3L,3K
85,0,1,1,0,0,1,1,1,0,1,1,1,3H,3G,3B,3C,3J,3F,3L,3K
86,0,1,1,0,0,1,1,1,1,0,1,1,3H,3G,3B,3C,3I,3F,3L,3K
87,0,1,1,0,0,1,1,1,1,1,0,1,3H,3G,3B,3C,3J,3F,3L,3I
88,0,1,1,0,0,1,1,1,1,1,1,0,3H,3G,3B,3C,3J,3F,3I,3K
89,0,1,1,0,1,0,0,1,1,1,1,1,3E,3J,3B,3C,3I,3H,3L,3K
90,0,1,1,0,1,0,1,0,1,1,1,1,3E,3J,3B,3C,3I,3G,3L,3K
91,0,1,1,0,1,0,1,1,0,1,1,1,3E,3J,3B,3C,3H,3G,3L,3K
92,0,1,1,0,1,0,1,1,1,0,1,1,3E,3G,3B,3C,3I,3H,3L,3K
93,0,1,1,0,1,0,1,1,1,1,0,1,3E,3J,3B,3C,3H,3G,3L,3I
94,0,1,1,0,1,0,1,1,1,1,1,0,3E,3J,3B,3C,3H,3G,3I,3K
95,0,1,1,0,1,1,0,0,1,1,1,1,3E,3J,3B,3C,3I,3F,3L,3K
96,0,1,1,0,1,1,0,1,0,1,1,1,3E,3J,3B,3C,3H,3F,3L,3K
97,0,1,1,0,1,1,0,1,1,0,1,1,3E,3I,3B,3C,3H,3F,3L,3K
98,0,1,1,0,1,1,0,1,1,1,0,1,3E,3J,3B,3C,3H,3F,3L,3I
99,0,1,1,0,1,1,0,1,1,1,1,0,3E,3J,3B,3C,3H,3F,3I,3K
100,0,1,1,0,1,1,1,0,0,1,1,1,3E,3G,3B,3C,3J,3F,3L,3K
101,0,1,1,0,1,1,1,0,1,0,1,1,3E,3G,3B,3C,3I,3F,3L,3K
102,0,1,1,0,1,1,1,0,1,1,0,1,3E,3G,3B,3C,3J,3F,3L,3I
103,0,1,1,0,1,1,1,0,1,1,1,0,3E,3G,3B,3C,3J,3F,3I,3K
104,0,1,1,0,1,1,1,1,0,0,1,1,3E,3G,3B,3C,3H,3F,3L,3K
105,0,1,1,0,1,1,1,1,0,1,0,1,3H,3G,3B,3C,3J,3F,3L,3E
106,0,1,1,0,1,1,1,1,0,1,1,0,3H,3G,3B,3C,3J,3F,3E,3K
107,0,1,1,0,1,1,1,1,1,0,0,1,3E,3G,3B,3C,3H,3F,3L,3I
108,0,1,1,0,1,1,1,1,1,0,1,0,3E,3G,3B,3C,3H,3F,3I,3K
109,0,1,1,0,1,1,1,1,1,1,0,0,3H,3G,3B,3C,3J,3F,3E,3I
110,0,1,1,1,0,0,0,1,1,1,1,1,3H,3J,3B,3C,3I,3D,3L,3K
111,0,1,1,1,0,0,1,0,1,1,1,1,3I,3G,3B,3C,3J,3D,3L,3K
112,0,1,1,1,0,0,1,1,0,1,1,1,3H,3G,3B,3C,3J,3D,3L,3K
113,0,1,1,1,0,0,1,1,1,0,1,1,3H,3G,3B,3C,3I,3D,3L,3K
114,0,1,1,1,0,0,1,1,1,1,0,1,3H,3G,3B,3C,3J,3D,3L,3I
115,0,1,1,1,0,0,1,1,1,1,1,0,3H,3G,3B,3C,3J,3D,3I,3K
116,0,1,1,1,0,1,0,0,1,1,1,1,3C,3J,3B,3D,3I,3F,3L,3K
117,0,1,1,1,0,1,0,1,0,1,1,1,3C,3J,3B,3D,3H,3F,3L,3K
118,0,1,1,1,0,1,0,1,1,0,1,1,3C,3I,3B,3D,3H,3F,3L,3K
119,0,1,1,1,0,1,0,1,1,1,0,1,3C,3J,3B,3D,3H,3F,3L,3I
120,0,1,1,1,0,1,0,1,1,1,1,0,3C,3J,3B,3D,3H,3F,3I,3K
121,0,1,1,1,0,1,1,0,0,1,1,1,3C,3G,3B,3D,3J,3F,3L,3K
122,0,1,1,1,0,1,1,0,1,0,1,1,3C,3G,3B,3D,3I,3F,3L,3K
123,0,1,1,1,0,1,1,0,1,1,0,1,3C,3G,3B,3D,3J,3F,3L,3I
124,0,1,1,1,0,1,1,0,1,1,1,0,3C,3G,3B,3D,3J,3F,3I,3K
125,0,1,1,1,0,1,1,1,0,0,1,1,3C,3G,3B,3D,3H,3F,3L,3K
126,0,1,1,1,0,1,1,1,0,1,0,1,3C,3G,3B,3D,3H,3F,3L,3J
127,0,1,1,1,0,1,1,1,0,1,1,0,3H,3G,3B,3C,3J,3F,3D,3K
128,0,1,1,1,0,1,1,1,1,0,0,1,3C,3G,3B,3D,3H,3F,3L,3I
129,0,1,1,1,0,1,1,1,1,0,1,0,3C,3G,3B,3D,3H,3F,3I,3K
130,0,1,1,1,0,1,1,1,1,1,0,0,3H,3G,3B,3C,3J,3F,3D,3I
131,0,1,1,1,1,0,0,0,1,1,1,1,3E,3J,3B,3C,3I,3D,3L,3K
132,0,1,1,1,1,0,0,1,0,1,1,1,3E,3J,3B,3C,3H,3D,3L,3K
133,0,1,1,1,1,0,0,1,1,0,1,1,3E,3I,3B,3C,3H,3D,3L,3K
134,0,1,1,1,1,0,0,1,1,1,0,1,3E,3J,3B,3C,3H,3D,3L,3I
135,0,1,1,1,1,0,0,1,1,1,1,0,3E,3J,3B,3C,3H,3D,3I,3K
136,0,1,1,1,1,0,1,0,0,1,1,1,3E,3G,3B,3C,3J,3D,3L,3K
137,0,1,1,1,1,0,1,0,1,0,1,1,3E,3G,3B,3C,3I,3D,3L,3K
138,0,1,1,1,1,0,1,0,1,1,0,1,3E,3G,3B,3C,3J,3D,3L,3I
139,0,1,1,1,1,0,1,0,1,1,1,0,3E,3G,3B,3C,3J,3D,3I,3K
140,0,1,1,1,1,0,1,1,0,0,1,1,3E,3G,3B,3C,3H,3D,3L,3K
141,0,1,1,1,1,0,1,1,0,1,0,1,3H,3G,3B,3C,3J,3D,3L,3E
142,0,1,1,1,1,0,1,1,0,1,1,0,3H,3G,3B,3C,3J,3D,3E,3K
143,0,1,1,1,1,0,1,1,1,0,0,1,3E,3G,3B,3C,3H,3D,3L,3I
144,0,1,1,1,1,0,1,1,1,0,1,0,3E,3G,3B,3C,3H,3D,3I,3K
145,0,1,1,1,1,0,1,1,1,1,0,0,3H,3G,3B,3C,3J,3D,3E,3I
146,0,1,1,1,1,1,0,0,0,1,1,1,3C,3J,3B,3D,3E,3F,3L,3K
147,0,1,1,1,1,1,0,0,1,0,1,1,3C,3E,3B,3D,3I,3F,3L,3K
148,0,1,1,1,1,1,0,0,1,1,0,1,3C,3J,3B,3D,3E,3F,3L,3I
149,0,1,1,1,1,1,0,0,1,1,1,0,3C,3J,3B,3D,3E,3F,3I,3K
150,0,1,1,1,1,1,0,1,0,0,1,1,3C,3E,3B,3D,3H,3F,3L,3K
151,0,1,1,1,1,1,0,1,0,1,0,1,3C,3J,3B,3D,3H,3F,3L,3E
152,0,1,1,1,1,1,0,1,0,1,1,0,3C,3J,3B,3D,3H,3F,3E,3K
153,0,1,1,1,1,1,0,1,1,0,0,1,3C,3E,3B,3D,3H,3F,3L,3I
154,0,1,1,1,1,1,0,1,1,0,1,0,3C,3E,3B,3D,3H,3F,3I,3K
155,0,1,1,1,1,1,0,1,1,1,0,0,3C,3J,3B,3D,3H,3F,3E,3I
156,0,1,1,1,1,1,1,0,0,0,1,1,3C,3G,3B,3D,3E,3F,3L,3K
157,0,1,1,1,1,1,1,0,0,1,0,1,3C,3G,3B,3D,3J,3F,3L,3E
158,0,1,1,1,1,1,1,0,0,1,1,0,3C,3G,3B,3D,3J,3F,3E,3K
159,0,1,1,1,1,1,1,0,1,0,0,1,3C,3G,3B,3D,3E,3F,3L,3I
160,0,1,1,1,1,1,1,0,1,0,1,0,3C,3G,3B,3D,3E,3F,3I,3K
161,0,1,1,1,1,1,1,0,1,1,0,0,3C,3G,3B,3D,3J,3F,3E,3I
162,0,1,1,1,1,1,1,1,0,0,0,1,3C,3G,3B,3D,3H,3F,3L,3E
163,0,1,1,1,1,1,1,1,0,0,1,0,3C,3G,3B,3D,3H,3F,3E,3K
164,0,1,1,1,1,1,1,1,0,1,0,0,3H,3G,3B,3C,3J,3F,3D,3E
165,0,1,1,1,1,1,1,1,1,0,0,0,3C,3G,3B,3D,3H,3F,3E,3I
166,1,0,0,0,0,1,1,1,1,1,1,1,3H,3J,3I,3F,3A,3G,3L,3K
167,1,0,0,0,1,0,1,1,1,1,1,1,3E,3J,3I,3A,3H,3G,3L,3K
168,1,0,0,0,1,1,0,1,1,1,1,1,3E,3J,3I,3F,3A,3H,3L,3K
169,1,0,0,0,1,1,1,0,1,1,1,1,3E,3J,3I,3F,3A,3G,3L,3K
170,1,0,0,0,1,1,1,1,0,1,1,1,3E,3G,3J,3F,3A,3H,3L,3K
171,1,0,0,0,1,1,1,1,1,0,1,1,3E,3G,3I,3F,3A,3H,3L,3K
172,1,0,0,0,1,1,1,1,1,1,0,1,3E,3G,3J,3F,3A,3H,3L,3I
173,1,0,0,0,1,1,1,1,1,1,1,0,3E,3G,3J,3F,3A,3H,3I,3K
174,1,0,0,1,0,0,1,1,1,1,1,1,3H,3J,3I,3D,3A,3G,3L,3K
175,1,0,0,1,0,1,0,1,1,1,1,1,3H,3J,3I,3D,3A,3F,3L,3K
176,1,0,0,1,0,1,1,0,1,1,1,1,3I,3G,3J,3D,3A,3F,3L,3K
177,1,0,0,1,0,1,1,1,0,1,1,1,3H,3G,3J,3D,3A,3F,3L,3K
178,1,0,0,1,0,1,1,1,1,0,1,1,3H,3G,3I,3D,3A,3F,3L,3K
179,1,0,0,1,0,1,1,1,1,1,0,1,3H,3G,3J,3D,3A,3F,3L,3I
180,1,0,0,1,0,1,1,1,1,1,1,0,3H,3G,3J,3D,3A,3F,3I,3K
181,1,0,0,1,1,0,0,1,1,1,1,1,3E,3J,3I,3D,3A,3H,3L,3K
182,1,0,0,1,1,0,1,0,1,1,1,1,3E,3J,3I,3D,3A,3G,3L,3K
183,1,0,0,1,1,0,1,1,0,1,1,1,3E,3G,3J,3D,3A,3H,3L,3K
184,1,0,0,1,1,0,1,1,1,0,1,1,3E,3G,3I,3D,3A,3H,3L,3K
185,1,0,0,1,1,0,1,1,1,1,0,1,3E,3G,3J,3D,3A,3H,3L,3I
186,1,0,0,1,1,0,1,1,1,1,1,0,3E,3G,3J,3D,3A,3H,3I,3K
187,1,0,0,1,1,1,0,0,1,1,1,1,3E,3J,3I,3D,3A,3F,3L,3K
188,1,0,0,1,1,1,0,1,0,1,1,1,3H,3J,3E,3D,3A,3F,3L,3K
189,1,0,0,1,1,1,0,1,1,0,1,1,3H,3E,3I,3D,3A,3F,3L,3K
190,1,0,0,1,1,1,0,1,1,1,0,1,3H,3J,3E,3D,3A,3F,3L,3I
191,1,0,0,1,1,1,0,1,1,1,1,0,3H,3J,3E,3D,3A,3F,3I,3K
192,1,0,0,1,1,1,1,0,0,1,1,1,3E,3G,3J,3D,3A,3F,3L,3K
193,1,0,0,1,1,1,1,0,1,0,1,1,3E,3G,3I,3D,3A,3F,3L,3K
194,1,0,0,1,1,1,1,0,1,1,0,1,3E,3G,3J,3D,3A,3F,3L,3I
195,1,0,0,1,1,1,1,0,1,1,1,0,3E,3G,3J,3D,3A,3F,3I,3K
196,1,0,0,1,1,1,1,1,0,0,1,1,3H,3G,3E,3D,3A,3F,3L,3K
197,1,0,0,1,1,1,1,1,0,1,0,1,3H,3G,3J,3D,3A,3F,3L,3E
198,1,0,0,1,1,1,1,1,0,1,1,0,3H,3G,3J,3D,3A,3F,3E,3K
199,1,0,0,1,1,1,1,1,1,0,0,1,3H,3G,3E,3D,3A,3F,3L,3I
200,1,0,0,1,1,1,1,1,1,0,1,0,3H,3G,3E,3D,3A,3F,3I,3K
201,1,0,0,1,1,1,1,1,1,1,0,0,3H,3G,3J,3D,3A,3F,3E,3I
202,1,0,1,0,0,0,1,1,1,1,1,1,3H,3J,3I,3C,3A,3G,3L,3K
203,1,0,1,0,0,1,0,1,1,1,1,1,3H,3J,3I,3C,3A,3F,3L,3K
204,1,0,1,0,0,1,1,0,1,1,1,1,3I,3G,3J,3C,3A,3F,3L,3K
205,1,0,1,0,0,1,1,1,0,1,1,1,3H,3G,3J,3C,3A,3F,3L,3K
206,1,0,1,0,0,1,1,1,1,0,1,1,3H,3G,3I,3C,3A,3F,3L,3K
207,1,0,1,0,0,1,1,1,1,1,0,1,3H,3G,3J,3C,3A,3F,3L,3I
208,1,0,1,0,0,1,1,1,1,1,1,0,3H,3G,3J,3C,3A,3F,3I,3K
209,1,0,1,0,1,0,0,1,1,1,1,1,3E,3J,3I,3C,3A,3H,3L,3K
210,1,0,1,0,1,0,1,0,1,1,1,1,3E,3J,3I,3C,3A,3G,3L,3K
211,1,0,1,0,1,0,1,1,0,1,1,1,3E,3G,3J,3C,3A,3H,3L,3K
212,1,0,1,0,1,0,1,1,1,0,1,1,3E,3G,3I,3C,3A,3H,3L,3K
213,1,0,1,0,1,0,1,1,1,1,0,1,3E,3G,3J,3C,3A,3H,3L,3I
214,1,0,1,0,1,0,1,1,1,1,1,0,3E,3G,3J,3C,3A,3H,3I,3K
215,1,0,1,0,1,1,0,0,1,1,1,1,3E,3J,3I,3C,3A,3F,3L,3K
216,1,0,1,0,1,1,0,1,0,1,1,1,3H,3J,3E,3C,3A,3F,3L,3K
217,1,0,1,0,1,1,0,1,1,0,1,1,3H,3E,3I,3C,3A,3F,3L,3K
218,1,0,1,0,1,1,0,1,1,1,0,1,3H,3J,3E,3C,3A,3F,3L,3I
219,1,0,1,0,1,1,0,1,1,1,1,0,3H,3J,3E,3C,3A,3F,3I,3K
220,1,0,1,0,1,1,1,0,0,1,1,1,3E,3G,3J,3C,3A,3F,3L,3K
221,1,0,1,0,1,1,1,0,1,0,1,1,3E,3G,3I,3C,3A,3F,3L,3K
222,1,0,1,0,1,1,1,0,1,1,0,1,3E,3G,3J,3C,3A,3F,3L,3I
223,1,0,1,0,1,1,1,0,1,1,1,0,3E,3G,3J,3C,3A,3F,3I,3K
224,1,0,1,0,1,1,1,1,0,0,1,1,3H,3G,3E,3C,3A,3F,3L,3K
225,1,0,1,0,1,1,1,1,0,1,0,1,3H,3G,3J,3C,3A,3F,3L,3E
226,1,0,1,0,1,1,1,1,0,1,1,0,3H,3G,3J,3C,3A,3F,3E,3K
227,1,0,1,0,1,1,1,1,1,0,0,1,3H,3G,3E,3C,3A,3F,3L,3I
228,1,0,1,0,1,1,1,1,1,0,1,0,3H,3G,3E,3C,3A,3F,3I,3K
229,1,0,1,0,1,1,1,1,1,1,0,0,3H,3G,3J,3C,3A,3F,3E,3I
230,1,0,1,1,0,0,0,1,1,1,1,1,3H,3J,3I,3C,3A,3D,3L,3K
231,1,0,1,1,0,0,1,0,1,1,1,1,3I,3G,3J,3C,3A,3D,3L,3K
232,1,0,1,1,0,0,1,1,0,1,1,1,3H,3G,3J,3C,3A,3D,3L,3K
233,1,0,1,1,0,0,1,1,1,0,1,1,3H,3G,3I,3C,3A,3D,3L,3K
234,1,0,1,1,0,0,1,1,1,1,0,1,3H,3G,3J,3C,3A,3D,3L,3I
235,1,0,1,1,0,0,1,1,1,1,1,0,3H,3G,3J,3C,3A,3D,3I,3K
236,1,0,1,1,0,1,0,0,1,1,1,1,3C,3J,3I,3D,3A,3F,3L,3K
237,1,0,1,1,0,1,0,1,0,1,1,1,3H,3J,3F,3C,3A,3D,3L,3K
238,1,0,1,1,0,1,0,1,1,0,1,1,3H,3F,3I,3C,3A,3D,3L,3K
239,1,0,1,1,0,1,0,1,1,1,0,1,3H,3J,3F,3C,3A,3D,3L,3I
240,1,0,1,1,0,1,0,1,1,1,1,0,3H,3J,3F,3C,3A,3D,3I,3K
241,1,0,1,1,0,1,1,0,0,1,1,1,3C,3G,3J,3D,3A,3F,3L,3K
242,1,0,1,1,0,1,1,0,1,0,1,1,3C,3G,3I,3D,3A,3F,3L,3K
243,1,0,1,1,0,1,1,0,1,1,0,1,3C,3G,3J,3D,3A,3F,3L,3I
244,1,0,1,1,0,1,1,0,1,1,1,0,3C,3G,3J,3D,3A,3F,3I,3K
245,1,0,1,1,0,1,1,1,0,0,1,1,3H,3G,3F,3C,3A,3D,3L,3K
246,1,0,1,1,0,1,1,1,0,1,0,1,3C,3G,3J,3D,3A,3F,3L,3H
247,1,0,1,1,0,1,1,1,0,1,1,0,3H,3G,3J,3C,3A,3F,3D,3K
248,1,0,1,1,0,1,1,1,1,0,0,1,3H,3G,3F,3C,3A,3D,3L,3I
249,1,0,1,1,0,1,1,1,1,0,1,0,3H,3G,3F,3C,3A,3D,3I,3K
250,1,0,1,1,0,1,1,1,1,1,0,0,3H,3G,3J,3C,3A,3F,3D,3I
251,1,0,1,1,1,0,0,0,1,1,1,1,3E,3J,3I,3C,3A,3D,3L,3K
252,1,0,1,1,1,0,0,1,0,1,1,1,3H,3J,3E,3C,3A,3D,3L,3K
253,1,0,1,1,1,0,0,1,1,0,1,1,3H,3E,3I,3C,3A,3D,3L,3K
254,1,0,1,1,1,0,0,1,1,1,0,1,3H,3J,3E,3C,3A,3D,3L,3I
255,1,0,1,1,1,0,0,1,1,1,1,0,3H,3J,3E,3C,3A,3D,3I,3K
256,1,0,1,1,1,0,1,0,0,1,1,1,3E,3G,3J,3C,3A,3D,3L,3K
257,1,0,1,1,1,0,1,0,1,0,1,1,3E,3G,3I,3C,3A,3D,3L,3K
258,1,0,1,1,1,0,1,0,1,1,0,1,3E,3G,3J,3C,3A,3D,3L,3I
259,1,0,1,1,1,0,1,0,1,1,1,0,3E,3G,3J,3C,3A,3D,3I,3K
260,1,0,1,1,1,0,1,1,0,0,1,1,3H,3G,3E,3C,3A,3D,3L,3K
261,1,0,1,1,1,0,1,1,0,1,0,1,3H,3G,3J,3C,3A,3D,3L,3E
262,1,0,1,1,1,0,1,1,0,1,1,0,3H,3G,3J,3C,3A,3D,3E,3K
263,1,0,1,1,1,0,1,1,1,0,0,1,3H,3G,3E,3C,3A,3D,3L,3I
264,1,0,1,1,1,0,1,1,1,0,1,0,3H,3G,3E,3C,3A,3D,3I,3K
265,1,0,1,1,1,0,1,1,1,1,0,0,3H,3G,3J,3C,3A,3D,3E,3I
266,1,0,1,1,1,1,0,0,0,1,1,1,3C,3J,3E,3D,3A,3F,3L,3K
267,1,0,1,1,1,1,0,0,1,0,1,1,3C,3E,3I,3D,3A,3F,3L,3K
268,1,0,1,1,1,1,0,0,1,1,0,1,3C,3J,3E,3D,3A,3F,3L,3I
269,1,0,1,1,1,1,0,0,1,1,1,0,3C,3J,3E,3D,3A,3F,3I,3K
270,1,0,1,1,1,1,0,1,0,0,1,1,3H,3E,3F,3C,3A,3D,3L,3K
271,1,0,1,1,1,1,0,1,0,1,0,1,3H,3J,3F,3C,3A,3D,3L,3E
272,1,0,1,1,1,1,0,1,0,1,1,0,3H,3J,3E,3C,3A,3F,3D,3K
273,1,0,1,1,1,1,0,1,1,0,0,1,3H,3E,3F,3C,3A,3D,3L,3I
274,1,0,1,1,1,1,0,1,1,0,1,0,3H,3E,3F,3C,3A,3D,3I,3K
275,1,0,1,1,1,1,0,1,1,1,0,0,3H,3J,3E,3C,3A,3F,3D,3I
276,1,0,1,1,1,1,1,0,0,0,1,1,3C,3G,3E,3D,3A,3F,3L,3K
277,1,0,1,1,1,1,1,0,0,1,0,1,3C,3G,3J,3D,3A,3F,3L,3E
278,1,0,1,1,1,1,1,0,0,1,1,0,3C,3G,3J,3D,3A,3F,3E,3K
279,1,0,1,1,1,1,1,0,1,0,0,1,3C,3G,3E,3D,3A,3F,3L,3I
280,1,0,1,1,1,1,1,0,1,0,1,0,3C,3G,3E,3D,3A,3F,3I,3K
281,1,0,1,1,1,1,1,0,1,1,0,0,3C,3G,3J,3D,3A,3F,3E,3I
282,1,0,1,1,1,1,1,1,0,0,0,1,3H,3G,3F,3C,3A,3D,3L,3E
283,1,0,1,1,1,1,1,1,0,0,1,0,3H,3G,3E,3C,3A,3F,3D,3K
284,1,0,1,1,1,1,1,1,0,1,0,0,3H,3G,3J,3C,3A,3F,3D,3E
285,1,0,1,1,1,1,1,1,1,0,0,0,3H,3G,3E,3C,3A,3F,3D,3I
286,1,1,0,0,0,0,1,1,1,1,1,1,3H,3J,3B,3A,3I,3G,3L,3K
287,1,1,0,0,0,1,0,1,1,1,1,1,3H,3J,3B,3A,3I,3F,3L,3K
288,1,1,0,0,0,1,1,0,1,1,1,1,3I,3J,3B,3F,3A,3G,3L,3K
289,1,1,0,0,0,1,1,1,0,1,1,1,3H,3J,3B,3F,3A,3G,3L,3K
290,1,1,0,0,0,1,1,1,1,0,1,1,3H,3G,3B,3A,3I,3F,3L,3K
291,1,1,0,0,0,1,1,1,1,1,0,1,3H,3J,3B,3F,3A,3G,3L,3I
292,1,1,0,0,0,1,1,1,1,1,1,0,3H,3J,3B,3F,3A,3G,3I,3K
293,1,1,0,0,1,0,0,1,1,1,1,1,3E,3J,3B,3A,3I,3H,3L,3K
294,1,1,0,0,1,0,1,0,1,1,1,1,3E,3J,3B,3A,3I,3G,3L,3K
295,1,1,0,0,1,0,1,1,0,1,1,1,3E,3J,3B,3A,3H,3G,3L,3K
296,1,1,0,0,1,0,1,1,1,0,1,1,3E,3G,3B,3A,3I,3H,3L,3K
297,1,1,0,0,1,0,1,1,1,1,0,1,3E,3J,3B,3A,3H,3G,3L,3I
298,1,1,0,0,1,0,1,1,1,1,1,0,3E,3J,3B,3A,3H,3G,3I,3K
299,1,1,0,0,1,1,0,0,1,1,1,1,3E,3J,3B,3A,3I,3F,3L,3K
300,1,1,0,0,1,1,0,1,0,1,1,1,3E,3J,3B,3F,3A,3H,3L,3K
301,1,1,0,0,1,1,0,1,1,0,1,1,3E,3I,3B,3F,3A,3H,3L,3K
302,1,1,0,0,1,1,0,1,1,1,0,1,3E,3J,3B,3F,3A,3H,3L,3I
303,1,1,0,0,1,1,0,1,1,1,1,0,3E,3J,3B,3F,3A,3H,3I,3K
304,1,1,0,0,1,1,1,0,0,1,1,1,3E,3J,3B,3F,3A,3G,3L,3K
305,1,1,0,0,1,1,1,0,1,0,1,1,3E,3G,3B,3A,3I,3F,3L,3K
306,1,1,0,0,1,1,1,0,1,1,0,1,3E,3J,3B,3F,3A,3G,3L,3I
307,1,1,0,0,1,1,1,0,1,1,1,0,3E,3J,3B,3F,3A,3G,3I,3K
308,1,1,0,0,1,1,1,1,0,0,1,1,3E,3G,3B,3F,3A,3H,3L,3K
309,1,1,0,0,1,1,1,1,0,1,0,1,3H,3J,3B,3F,3A,3G,3L,3E
310,1,1,0,0,1,1,1,1,0,1,1,0,3H,3J,3B,3F,3A,3G,3E,3K
311,1,1,0,0,1,1,1,1,1,0,0,1,3E,3G,3B,3F,3A,3H,3L,3I
312,1,1,0,0,1,1,1,1,1,0,1,0,3E,3G,3B,3F,3A,3H,3I,3K
313,1,1,0,0,1,1,1,1,1,1,0,0,3H,3J,3B,3F,3A,3G,3E,3I
314,1,1,0,1,0,0,0,1,1,1,1,1,3I,3J,3B,3D,3A,3H,3L,3K
315,1,1,0,1,0,0,1,0,1,1,1,1,3I,3J,3B,3D,3A,3G,3L,3K
316,1,1,0,1,0,0,1,1,0,1,1,1,3H,3J,3B,3D,3A,3G,3L,3K
317,1,1,0,1,0,0,1,1,1,0,1,1,3I,3G,3B,3D,3A,3H,3L,3K
318,1,1,0,1,0,0,1,1,1,1,0,1,3H,3J,3B,3D,3A,3G,3L,3I
319,1,1,0,1,0,0,1,1,1,1,1,0,3H,3J,3B,3D,3A,3G,3I,3K
320,1,1,0,1,0,1,0,0,1,1,1,1,3I,3J,3B,3D,3A,3F,3L,3K
321,1,1,0,1,0,1,0,1,0,1,1,1,3H,3J,3B,3D,3A,3F,3L,3K
322,1,1,0,1,0,1,0,1,1,0,1,1,3H,3I,3B,3D,3A,3F,3L,3K
323,1,1,0,1,0,1,0,1,1,1,0,1,3H,3J,3B,3D,3A,3F,3L,3I
324,1,1,0,1,0,1,0,1,1,1,1,0,3H,3J,3B,3D,3A,3F,3I,3K
325,1,1,0,1,0,1,1,0,0,1,1,1,3F,3J,3B,3D,3A,3G,3L,3K
326,1,1,0,1,0,1,1,0,1,0,1,1,3I,3G,3B,3D,3A,3F,3L,3K
327,1,1,0,1,0,1,1,0,1,1,0,1,3F,3J,3B,3D,3A,3G,3L,3I
328,1,1,0,1,0,1,1,0,1,1,1,0,3F,3J,3B,3D,3A,3G,3I,3K
329,1,1,0,1,0,1,1,1,0,0,1,1,3H,3G,3B,3D,3A,3F,3L,3K
330,1,1,0,1,0,1,1,1,0,1,0,1,3H,3G,3B,3D,3A,3F,3L,3J
331,1,1,0,1,0,1,1,1,0,1,1,0,3H,3G,3B,3D,3A,3F,3J,3K
332,1,1,0,1,0,1,1,1,1,0,0,1,3H,3G,3B,3D,3A,3F,3L,3I
333,1,1,0,1,0,1,1,1,1,0,1,0,3H,3G,3B,3D,3A,3F,3I,3K
334,1,1,0,1,0,1,1,1,1,1,0,0,3H,3G,3B,3D,3A,3F,3I,3J
335,1,1,0,1,1,0,0,0,1,1,1,1,3E,3J,3B,3A,3I,3D,3L,3K
336,1,1,0,1,1,0,0,1,0,1,1,1,3E,3J,3B,3D,3A,3H,3L,3K
337,1,1,0,1,1,0,0,1,1,0,1,1,3E,3I,3B,3D,3A,3H,3L,3K
338,1,1,0,1,1,0,0,1,1,1,0,1,3E,3J,3B,3D,3A,3H,3L,3I
339,1,1,0,1,1,0,0,1,1,1,1,0,3E,3J,3B,3D,3A,3H,3I,3K
340,1,1,0,1,1,0,1,0,0,1,1,1,3E,3J,3B,3D,3A,3G,3L,3K
341,1,1,0,1,1,0,1,0,1,0,1,1,3E,3G,3B,3A,3I,3D,3L,3K
342,1,1,0,1,1,0,1,0,1,1,0,1,3E,3J,3B,3D,3A,3G,3L,3I
343,1,1,0,1,1,0,1,0,1,1,1,0,3E,3J,3B,3D,3A,3G,3I,3K
344,1,1,0,1,1,0,1,1,0,0,1,1,3E,3G,3B,3D,3A,3H,3L,3K
345,1,1,0,1,1,0,1,1,0,1,0,1,3H,3J,3B,3D,3A,3G,3L,3E
346,1,1,0,1,1,0,1,1,0,1,1,0,3H,3J,3B,3D,3A,3G,3E,3K
347,1,1,0,1,1,0,1,1,1,0,0,1,3E,3G,3B,3D,3A,3H,3L,3I
348,1,1,0,1,1,0,1,1,1,0,1,0,3E,3G,3B,3D,3A,3H,3I,3K
349,1,1,0,1,1,0,1,1,1,1,0,0,3H,3J,3B,3D,3A,3G,3E,3I
350,1,1,0,1,1,1,0,0,0,1,1,1,3E,3J,3B,3D,3A,3F,3L,3K
351,1,1,0,1,1,1,0,0,1,0,1,1,3E,3I,3B,3D,3A,3F,3L,3K
352,1,1,0,1,1,1,0,0,1,1,0,1,3E,3J,3B,3D,3A,3F,3L,3I
353,1,1,0,1,1,1,0,0,1,1,1,0,3E,3J,3B,3D,3A,3F,3I,3K
354,1,1,0,1,1,1,0,1,0,0,1,1,3H,3E,3B,3D,3A,3F,3L,3K
355,1,1,0,1,1,1,0,1,0,1,0,1,3H,3J,3B,3D,3A,3F,3L,3E
356,1,1,0,1,1,1,0,1,0,1,1,0,3H,3J,3B,3D,3A,3F,3E,3K
357,1,1,0,1,1,1,0,1,1,0,0,1,3H,3E,3B,3D,3A,3F,3L,3I
358,1,1,0,1,1,1,0,1,1,0,1,0,3H,3E,3B,3D,3A,3F,3I,3K
359,1,1,0,1,1,1,0,1,1,1,0,0,3H,3J,3B,3D,3A,3F,3E,3I
360,1,1,0,1,1,1,1,0,0,0,1,1,3E,3G,3B,3D,3A,3F,3L,3K
361,1,1,0,1,1,1,1,0,0,1,0,1,3E,3G,3B,3D,3A,3F,3L,3J
362,1,1,0,1,1,1,1,0,0,1,1,0,3E,3G,3B,3D,3A,3F,3J,3K
363,1,1,0,1,1,1,1,0,1,0,0,1,3E,3G,3B,3D,3A,3F,3L,3I
364,1,1,0,1,1,1,1,0,1,0,1,0,3E,3G,3B,3D,3A,3F,3I,3K
365,1,1,0,1,1,1,1,0,1,1,0,0,3E,3G,3B,3D,3A,3F,3I,3J
366,1,1,0,1,1,1,1,1,0,0,0,1,3H,3G,3B,3D,3A,3F,3L,3E
367,1,1,0,1,1,1,1,1,0,0,1,0,3H,3G,3B,3D,3A,3F,3E,3K
368,1,1,0,1,1,1,1,1,0,1,0,0,3H,3G,3B,3D,3A,3F,3E,3J
369,1,1,0,1,1,1,1,1,1,0,0,0,3H,3G,3B,3D,3A,3F,3E,3I
370,1,1,1,0,0,0,0,1,1,1,1,1,3I,3J,3B,3C,3A,3H,3L,3K
371,1,1,1,0,0,0,1,0,1,1,1,1,3I,3J,3B,3C,3A,3G,3L,3K
372,1,1,1,0,0,0,1,1,0,1,1,1,3H,3J,3B,3C,3A,3G,3L,3K
373,1,1,1,0,0,0,1,1,1,0,1,1,3I,3G,3B,3C,3A,3H,3L,3K
374,1,1,1,0,0,0,1,1,1,1,0,1,3H,3J,3B,3C,3A,3G,3L,3I
375,1,1,1,0,0,0,1,1,1,1,1,0,3H,3J,3B,3C,3A,3G,3I,3K
376,1,1,1,0,0,1,0,0,1,1,1,1,3I,3J,3B,3C,3A,3F,3L,3K
377,1,1,1,0,0,1,0,1,0,1,1,1,3H,3J,3B,3C,3A,3F,3L,3K
378,1,1,1,0,0,1,0,1,1,0,1,1,3H,3I,3B,3C,3A,3F,3L,3K
379,1,1,1,0,0,1,0,1,1,1,0,1,3H,3J,3B,3C,3A,3F,3L,3I
380,1,1,1,0,0,1,0,1,1,1,1,0,3H,3J,3B,3C,3A,3F,3I,3K
381,1,1,1,0,0,1,1,0,0,1,1,1,3C,3J,3B,3F,3A,3G,3L,3K
382,1,1,1,0,0,1,1,0,1,0,1,1,3I,3G,3B,3C,3A,3F,3L,3K
383,1,1,1,0,0,1,1,0,1,1,0,1,3C,3J,3B,3F,3A,3G,3L,3I
384,1,1,1,0,0,1,1,0,1,1,1,0,3C,3J,3B,3F,3A,3G,3I,3K
385,1,1,1,0,0,1,1,1,0,0,1,1,3H,3G,3B,3C,3A,3F,3L,3K
386,1,1,1,0,0,1,1,1,0,1,0,1,3H,3G,3B,3C,3A,3F,3L,3J
387,1,1,1,0,0,1,1,1,0,1,1,0,3H,3G,3B,3C,3A,3F,3J,3K
388,1,1,1,0,0,1,1,1,1,0,0,1,3H,3G,3B,3C,3A,3F,3L,3I
389,1,1,1,0,0,1,1,1,1,0,1,0,3H,3G,3B,3C,3A,3F,3I,3K
390,1,1,1,0,0,1,1,1,1,1,0,0,3H,3G,3B,3C,3A,3F,3I,3J
391,1,1,1,0,1,0,0,0,1,1,1,1,3E,3J,3B,3A,3I,3C,3L,3K
392,1,1,1,0,1,0,0,1,0,1,1,1,3E,3J,3B,3C,3A,3H,3L,3K
393,1,1,1,0,1,0,0,1,1,0,1,1,3E,3I,3B,3C,3A,3H,3L,3K
394,1,1,1,0,1,0,0,1,1,1,0,1,3E,3J,3B,3C,3A,3H,3L,3I
395,1,1,1,0,1,0,0,1,1,1,1,0,3E,3J,3B,3C,3A,3H,3I,3K
396,1,1,1,0,1,0,1,0,0,1,1,1,3E,3J,3B,3C,3A,3G,3L,3K
397,1,1,1,0,1,0,1,0,1,0,1,1,3E,3G,3B,3A,3I,3C,3L,3K
398,1,1,1,0,1,0,1,0,1,1,0,1,3E,3J,3B,3C,3A,3G,3L,3I
399,1,1,1,0,1,0,1,0,1,1,1,0,3E,3J,3B,3C,3A,3G,3I,3K
400,1,1,1,0,1,0,1,1,0,0,1,1,3E,3G,3B,3C,3A,3H,3L,3K
401,1,1,1,0,1,0,1,1,0,1,0,1,3H,3J,3B,3C,3A,3G,3L,3E
402,1,1,1,0,1,0,1,1,0,1,1,0,3H,3J,3B,3C,3A,3G,3E,3K
403,1,1,1,0,1,0,1,1,1,0,0,1,3E,3G,3B,3C,3A,3H,3L,3I
404,1,1,1,0,1,0,1,1,1,0,1,0,3E,3G,3B,3C,3A,3H,3I,3K
405,1,1,1,0,1,0,1,1,1,1,0,0,3H,3J,3B,3C,3A,3G,3E,3I
406,1,1,1,0,1,1,0,0,0,1,1,1,3E,3J,3B,3C,3A,3F,3L,3K
407,1,1,1,0,1,1,0,0,1,0,1,1,3E,3I,3B,3C,3A,3F,3L,3K
408,1,1,1,0,1,1,0,0,1,1,0,1,3E,3J,3B,3C,3A,3F,3L,3I
409,1,1,1,0,1,1,0,0,1,1,1,0,3E,3J,3B,3C,3A,3F,3I,3K
410,1,1,1,0,1,1,0,1,0,0,1,1,3H,3E,3B,3C,3A,3F,3L,3K
411,1,1,1,0,1,1,0,1,0,1,0,1,3H,3J,3B,3C,3A,3F,3L,3E
412,1,1,1,0,1,1,0,1,0,1,1,0,3H,3J,3B,3C,3A,3F,3E,3K
413,1,1,1,0,1,1,0,1,1,0,0,1,3H,3E,3B,3C,3A,3F,3L,3I
414,1,1,1,0,1,1,0,1,1,0,1,0,3H,3E,3B,3C,3A,3F,3I,3K
415,1,1,1,0,1,1,0,1,1,1,0,0,3H,3J,3B,3C,3A,3F,3E,3I
416,1,1,1,0,1,1,1,0,0,0,1,1,3E,3G,3B,3C,3A,3F,3L,3K
417,1,1,1,0,1,1,1,0,0,1,0,1,3E,3G,3B,3C,3A,3F,3L,3J
418,1,1,1,0,1,1,1,0,0,1,1,0,3E,3G,3B,3C,3A,3F,3J,3K
419,1,1,1,0,1,1,1,0,1,0,0,1,3E,3G,3B,3C,3A,3F,3L,3I
420,1,1,1,0,1,1,1,0,1,0,1,0,3E,3G,3B,3C,3A,3F,3I,3K
421,1,1,1,0,1,1,1,0,1,1,0,0,3E,3G,3B,3C,3A,3F,3I,3J
422,1,1,1,0,1,1,1,1,0,0,0,1,3H,3G,3B,3C,3A,3F,3L,3E
423,1,1,1,0,1,1,1,1,0,0,1,0,3H,3G,3B,3C,3A,3F,3E,3K
424,1,1,1,0,1,1,1,1,0,1,0,0,3H,3G,3B,3C,3A,3F,3E,3J
425,1,1,1,0,1,1,1,1,1,0,0,0,3H,3G,3B,3C,3A,3F,3E,3I
426,1,1,1,1,0,0,0,0,1,1,1,1,3I,3J,3B,3C,3A,3D,3L,3K
427,1,1,1,1,0,0,0,1,0,1,1,1,3H,3J,3B,3C,3A,3D,3L,3K
428,1,1,1,1,0,0,0,1,1,0,1,1,3H,3I,3B,3C,3A,3D,3L,3K
429,1,1,1,1,0,0,0,1,1,1,0,1,3H,3J,3B,3C,3A,3D,3L,3I
430,1,1,1,1,0,0,0,1,1,1,1,0,3H,3J,3B,3C,3A,3D,3I,3K
431,1,1,1,1,0,0,1,0,0,1,1,1,3C,3J,3B,3D,3A,3G,3L,3K
432,1,1,1,1,0,0,1,0,1,0,1,1,3I,3G,3B,3C,3A,3D,3L,3K
433,1,1,1,1,0,0,1,0,1,1,0,1,3C,3J,3B,3D,3A,3G,3L,3I
434,1,1,1,1,0,0,1,0,1,1,1,0,3C,3J,3B,3D,3A,3G,3I,3K
435,1,1,1,1,0,0,1,1,0,0,1,1,3H,3G,3B,3C,3A,3D,3L,3K
436,1,1,1,1,0,0,1,1,0,1,0,1,3H,3G,3B,3C,3A,3D,3L,3J
437,1,1,1,1,0,0,1,1,0,1,1,0,3H,3G,3B,3C,3A,3D,3J,3K
438,1,1,1,1,0,0,1,1,1,0,0,1,3H,3G,3B,3C,3A,3D,3L,3I
439,1,1,1,1,0,0,1,1,1,0,1,0,3H,3G,3B,3C,3A,3D,3I,3K
440,1,1,1,1,0,0,1,1,1,1,0,0,3H,3G,3B,3C,3A,3D,3I,3J
441,1,1,1,1,0,1,0,0,0,1,1,1,3C,3J,3B,3D,3A,3F,3L,3K
442,1,1,1,1,0,1,0,0,1,0,1,1,3C,3I,3B,3D,3A,3F,3L,3K
443,1,1,1,1,0,1,0,0,1,1,0,1,3C,3J,3B,3D,3A,3F,3L,3I
444,1,1,1,1,0,1,0,0,1,1,1,0,3C,3J,3B,3D,3A,3F,3I,3K
445,1,1,1,1,0,1,0,1,0,0,1,1,3H,3F,3B,3C,3A,3D,3L,3K
446,1,1,1,1,0,1,0,1,0,1,0,1,3C,3J,3B,3D,3A,3F,3L,3H
447,1,1,1,1,0,1,0,1,0,1,1,0,3H,3J,3B,3C,3A,3F,3D,3K
448,1,1,1,1,0,1,0,1,1,0,0,1,3H,3F,3B,3C,3A,3D,3L,3I
449,1,1,1,1,0,1,0,1,1,0,1,0,3H,3F,3B,3C,3A,3D,3I,3K
450,1,1,1,1,0,1,0,1,1,1,0,0,3H,3J,3B,3C,3A,3F,3D,3I
451,1,1,1,1,0,1,1,0,0,0,1,1,3C,3G,3B,3D,3A,3F,3L,3K
452,1,1,1,1,0,1,1,0,0,1,0,1,3C,3G,3B,3D,3A,3F,3L,3J
453,1,1,1,1,0,1,1,0,0,1,1,0,3C,3G,3B,3D,3A,3F,3J,3K
454,1,1,1,1,0,1,1,0,1,0,0,1,3C,3G,3B,3D,3A,3F,3L,3I
455,1,1,1,1,0,1,1,0,1,0,1,0,3C,3G,3B,3D,3A,3F,3I,3K
456,1,1,1,1,0,1,1,0,1,1,0,0,3C,3G,3B,3D,3A,3F,3I,3J
457,1,1,1,1,0,1,1,1,0,0,0,1,3C,3G,3B,3D,3A,3F,3L,3H
458,1,1,1,1,0,1,1,1,0,0,1,0,3H,3G,3B,3C,3A,3F,3D,3K
459,1,1,1,1,0,1,1,1,0,1,0,0,3H,3G,3B,3C,3A,3F,3D,3J
460,1,1,1,1,0,1,1,1,1,0,0,0,3H,3G,3B,3C,3A,3F,3D,3I
461,1,1,1,1,1,0,0,0,0,1,1,1,3E,3J,3B,3C,3A,3D,3L,3K
462,1,1,1,1,1,0,0,0,1,0,1,1,3E,3I,3B,3C,3A,3D,3L,3K
463,1,1,1,1,1,0,0,0,1,1,0,1,3E,3J,3B,3C,3A,3D,3L,3I
464,1,1,1,1,1,0,0,0,1,1,1,0,3E,3J,3B,3C,3A,3D,3I,3K
465,1,1,1,1,1,0,0,1,0,0,1,1,3H,3E,3B,3C,3A,3D,3L,3K
466,1,1,1,1,1,0,0,1,0,1,0,1,3H,3J,3B,3C,3A,3D,3L,3E
467,1,1,1,1,1,0,0,1,0,1,1,0,3H,3J,3B,3C,3A,3D,3E,3K
468,1,1,1,1,1,0,0,1,1,0,0,1,3H,3E,3B,3C,3A,3D,3L,3I
469,1,1,1,1,1,0,0,1,1,0,1,0,3H,3E,3B,3C,3A,3D,3I,3K
470,1,1,1,1,1,0,0,1,1,1,0,0,3H,3J,3B,3C,3A,3D,3E,3I
471,1,1,1,1,1,0,1,0,0,0,1,1,3E,3G,3B,3C,3A,3D,3L,3K
472,1,1,1,1,1,0,1,0,0,1,0,1,3E,3G,3B,3C,3A,3D,3L,3J
473,1,1,1,1,1,0,1,0,0,1,1,0,3E,3G,3B,3C,3A,3D,3J,3K
474,1,1,1,1,1,0,1,0,1,0,0,1,3E,3G,3B,3C,3A,3D,3L,3I
475,1,1,1,1,1,0,1,0,1,0,1,0,3E,3G,3B,3C,3A,3D,3I,3K
476,1,1,1,1,1,0,1,0,1,1,0,0,3E,3G,3B,3C,3A,3D,3I,3J
477,1,1,1,1,1,0,1,1,0,0,0,1,3H,3G,3B,3C,3A,3D,3L,3E
478,1,1,1,1,1,0,1,1,0,0,1,0,3H,3G,3B,3C,3A,3D,3E,3K
479,1,1,1,1,1,0,1,1,0,1,0,0,3H,3G,3B,3C,3A,3D,3E,3J
480,1,1,1,1,1,0,1,1,1,0,0,0,3H,3G,3B,3C,3A,3D,3E,3I
481,1,1,1,1,1,1,0,0,0,0,1,1,3C,3E,3B,3D,3A,3F,3L,3K
482,1,1,1,1,1,1,0,0,0,1,0,1,3C,3J,3B,3D,3A,3F,3L,3E
483,1,1,1,1,1,1,0,0,0,1,1,0,3C,3J,3B,3D,3A,3F,3E,3K
484,1,1,1,1,1,1,0,0,1,0,0,1,3C,3E,3B,3D,3A,3F,3L,3I
485,1,1,1,1,1,1,0,0,1,0,1,0,3C,3E,3B,3D,3A,3F,3I,3K
486,1,1,1,1,1,1,0,0,1,1,0,0,3C,3J,3B,3D,3A,3F,3E,3I
487,1,1,1,1,1,1,0,1,0,0,0,1,3H,3F,3B,3C,3A,3D,3L,3E
488,1,1,1,1,1,1,0,1,0,0,1,0,3H,3E,3B,3C,3A,3F,3D,3K
489,1,1,1,1,1,1,0,1,0,1,0,0,3H,3J,3B,3C,3A,3F,3D,3E
490,1,1,1,1,1,1,0,1,1,0,0,0,3H,3E,3B,3C,3A,3F,3D,3I
491,1,1,1,1,1,1,1,0,0,0,0,1,3C,3G,3B,3D,3A,3F,3L,3E
492,1,1,1,1,1,1,1,0,0,0,1,0,3C,3G,3B,3D,3A,3F,3E,3K
493,1,1,1,1,1,1,1,0,0,1,0,0,3C,3G,3B,3D,3A,3F,3E,3J
494,1,1,1,1,1,1,1,0,1,0,0,0,3C,3G,3B,3D,3A,3F,3E,3I
495,1,1,1,1,1,1,1,1,0,0,0,0,3H,3G,3B,3C,3A,3F,3D,3E
